{
    "robotwin2": {
        "meta": {
            "data_mode": "both",
            "total_files": 100,
            "valid_files": 100,
            "num_tasks": 1,
            "processing_time": 0.6365768909454346,
            "timestamp": "2026-07-07 19:21:27"
        },
        "action": {
            "min": [
                -0.8091158270835876,
                0.0,
                0.0,
                -1.7793009281158447,
                -0.22869445383548737,
                -0.7683148980140686,
                0.0,
                0.0,
                0.0,
                0.0,
                -1.684350848197937,
                -0.12827330827713013,
                0.0,
                0.0
            ],
            "max": [
                0.0,
                2.7195193767547607,
                2.9018430709838867,
                0.0,
                0.12974964082241058,
                0.0,
                1.0,
                0.7679815292358398,
                2.540792465209961,
                2.617736339569092,
                0.0,
                0.1494651436805725,
                0.7770599126815796,
                1.0
            ],
            "dim": 14
        },
        "state": {
            "min": [
                -0.29792550206184387,
                -0.31380489468574524,
                0.8819501399993896,
                0.4761049387411196,
                -0.5566932709862736,
                -1.6430019727287082e-05,
                0.44595830523454005,
                0.0,
                -0.0036740018986165524,
                -0.3128008544445038,
                0.8809918761253357,
                0.46034463909227114,
                -0.5352948120053016,
                -2.873827486638003e-05,
                0.4697987433717951,
                0.0
            ],
            "max": [
                0.005310270935297012,
                0.04853237420320511,
                1.0945557355880737,
                0.7352697554179479,
                1.7238450122680706e-05,
                0.5277269438931345,
                0.7141838135637575,
                1.0,
                0.3064349591732025,
                0.07619457691907883,
                1.0929516553878784,
                0.7035674948416554,
                7.113067784624699e-07,
                0.5437124181455368,
                0.7430750789622698,
                1.0
            ],
            "dim": 16
        },
        "per_task": {
            "beat_block_hammer": {
                "file_count": 100,
                "valid_files": 100,
                "action": {
                    "min": [
                        -0.8091158270835876,
                        0.0,
                        0.0,
                        -1.7793009281158447,
                        -0.22869445383548737,
                        -0.7683148980140686,
                        0.0,
                        0.0,
                        0.0,
                        0.0,
                        -1.684350848197937,
                        -0.12827330827713013,
                        0.0,
                        0.0
                    ],
                    "max": [
                        0.0,
                        2.7195193767547607,
                        2.9018430709838867,
                        0.0,
                        0.12974964082241058,
                        0.0,
                        1.0,
                        0.7679815292358398,
                        2.540792465209961,
                        2.617736339569092,
                        0.0,
                        0.1494651436805725,
                        0.7770599126815796,
                        1.0
                    ],
                    "dim": 14
                },
                "state": {
                    "min": [
                        -0.29792550206184387,
                        -0.31380489468574524,
                        0.8819501399993896,
                        0.4761049387411196,
                        -0.5566932709862736,
                        -1.6430019727287082e-05,
                        0.44595830523454005,
                        0.0,
                        -0.0036740018986165524,
                        -0.3128008544445038,
                        0.8809918761253357,
                        0.46034463909227114,
                        -0.5352948120053016,
                        -2.873827486638003e-05,
                        0.4697987433717951,
                        0.0
                    ],
                    "max": [
                        0.005310270935297012,
                        0.04853237420320511,
                        1.0945557355880737,
                        0.7352697554179479,
                        1.7238450122680706e-05,
                        0.5277269438931345,
                        0.7141838135637575,
                        1.0,
                        0.3064349591732025,
                        0.07619457691907883,
                        1.0929516553878784,
                        0.7035674948416554,
                        7.113067784624699e-07,
                        0.5437124181455368,
                        0.7430750789622698,
                        1.0
                    ],
                    "dim": 16
                }
            }
        }
    }
}